{"state": [[0.9999993658639705, 0.0005633116377723366], [0.0005633116377723376, 6.341360292057895e-07]], "signs": [[1.0, 1.0], [1.0, 1.0]]}