{"state": [[0.5003988753037824, 0.00019955772135925111, 0.00019971543336881256, 0.4999992858388104], [0.00019955772135922425, 2.3811741479389418e-07, 2.3805371360250503e-07, 0.00019939836625920842], [0.00019971543336880546, 2.3805371346917225e-07, 2.379904647605253e-07, 0.00019955620521933427], [0.49999928583881054, 0.00019939836625922902, 0.00019955620521931985, 0.499600648588338]], "signs": [[1.0, -1.0, -1.0, 1.0], [-1.0, 1.0, 1.0, -1.0], [-1.0, 1.0, 1.0, -1.0], [1.0, -1.0, -1.0, 1.0]]}