{"state": [[0.5003985587421543, 0.0004455148538498519, 0.0004450169332410198, 0.49999896927687854], [0.0004455148538497815, 5.55185226901001e-07, 5.5461529882802e-07, 0.0004451590913048533], [0.0004450169332410509, 5.546152989047326e-07, 5.540467153548113e-07, 0.0004446621318108809], [0.49999896927687854, 0.00044515909130487364, 0.0004446621318108942, 0.4996003320259036]], "signs": [[1.0, 1.0, 1.0, 1.0], [1.0, 1.0, 1.0, 1.0], [1.0, 1.0, 1.0, 1.0], [1.0, 1.0, 1.0, 1.0]]}