{"photon count": [6039, 6100, 5917, 5978, 5612, 5429, 5185, 5124, 4880, 4453, 4087, 3111, 2684, 2928, 2684, 2318, 2074, 2013, 1281, 976, 427, 671, 366, 244, 244, 0, 0, 0, 61, 61, 183, 427, 671, 732, 732, 1098, 1403, 2318, 2379, 2562, 2745, 3294, 3416, 4331, 4209, 4819, 5246, 5063, 5612, 5795, 5734, 5795, 6100, 6100, 6100, 6039, 5856, 6039, 5612, 5673], "time": [1e-08, 2e-08, 3.0000000000000004e-08, 4e-08, 5e-08, 6e-08, 6.999999999999999e-08, 7.999999999999999e-08, 8.999999999999999e-08, 9.999999999999998e-08, 1.0999999999999998e-07, 1.2e-07, 1.3e-07, 1.4e-07, 1.5000000000000002e-07, 1.6000000000000003e-07, 1.7000000000000004e-07, 1.8000000000000005e-07, 1.9000000000000006e-07, 2.0000000000000007e-07, 2.1000000000000008e-07, 2.200000000000001e-07, 2.300000000000001e-07, 2.400000000000001e-07, 2.500000000000001e-07, 2.600000000000001e-07, 2.700000000000001e-07, 2.800000000000001e-07, 2.9000000000000014e-07, 3.0000000000000015e-07, 3.1000000000000016e-07, 3.2000000000000017e-07, 3.300000000000002e-07, 3.400000000000002e-07, 3.500000000000002e-07, 3.600000000000002e-07, 3.700000000000002e-07, 3.800000000000002e-07, 3.9000000000000024e-07, 4.0000000000000025e-07, 4.1000000000000026e-07, 4.2000000000000027e-07, 4.300000000000003e-07, 4.400000000000003e-07, 4.500000000000003e-07, 4.600000000000003e-07, 4.700000000000003e-07, 4.800000000000003e-07, 4.900000000000003e-07, 5.000000000000003e-07, 5.100000000000003e-07, 5.200000000000003e-07, 5.300000000000003e-07, 5.400000000000003e-07, 5.500000000000003e-07, 5.600000000000004e-07, 5.700000000000004e-07, 5.800000000000004e-07, 5.900000000000004e-07, 6.000000000000004e-07]}